strain	length	A	C	G	T	N	other_IUPAC	-	?	invalid_nucleotides
A/Florida/81/2018|6|08/30/2018|USA|NA	1434	462	262	334	375	0	1	0	0	0
A/New_Mexico/8027/2019|6|01/11/2019|USA|NA	1410	454	258	330	368	0	0	0	0	0
A/Texas/7429/2018|6|01/06/2018|USA|NA	1410	453	259	332	366	0	0	0	0	0
A/Virginia/18/2018|6|02/14/2018|USA|NA	1434	460	263	337	374	0	0	0	0	0
A/New_Jersey/9387/2019|6|04/03/2019|USA|NA	1410	449	256	335	370	0	0	0	0	0
A/Pennsylvania/517/2018|6|11/11/2018|USA|NA	1433	462	265	334	372	0	0	0	0	0
A/Japan/7845/2018|6|12/28/2018|Japan|NA	1410	453	258	331	368	0	0	0	0	0
A/Colorado/7679/2018|6|12/20/2018|USA|NA	1410	451	260	333	366	0	0	0	0	0
A/Iowa/52/2017|6|12/25/2017|USA|NA	1433	462	260	335	376	0	0	0	0	0
A/Idaho/21/2018|6|04/24/2018|USA|NA	1433	463	262	333	375	0	0	0	0	0
A/Nevada/29/2019|6|05/17/2019|USA|NA	1433	464	263	333	373	0	0	0	0	0
A/California/26/2019|6|01/18/2019|USA|NA	1433	459	260	339	375	0	0	0	0	0
A/New_Hampshire/38/2019|6|12/14/2019|USA|NA	1433	465	267	332	369	0	0	0	0	0
A/Oregon/03/2019|6|01/28/2019|USA|NA	1434	460	259	336	379	0	0	0	0	0
A/Washington/50/2018|6|02/12/2018|USA|NA	1433	461	261	335	376	0	0	0	0	0
A/Oregon/08/2020|6|02/11/2020|USA|NA	1433	465	260	332	376	0	0	0	0	0
A/Oklahoma/05/2020|6|02/09/2020|USA|NA	1433	464	260	333	376	0	0	0	0	0
A/Wyoming/07/2019|6|02/04/2019|USA|NA	1433	459	263	337	374	0	0	0	0	0
A/Florida/48/2018|6|04/03/2018|USA|NA	1434	464	259	333	378	0	0	0	0	0
A/Nevada/01/2018|6|03/18/2018|USA|NA	1433	463	261	333	376	0	0	0	0	0
A/Hawaii/54/2019|6|07/07/2019|USA|NA	1433	459	263	339	372	0	0	0	0	0
A/California/224/2019|6|11/27/2019|USA|NA	1434	464	263	334	373	0	0	0	0	0
A/Louisiana/05/2019|6|01/17/2019|USA|NA	1433	465	261	331	376	0	0	0	0	0
A/Rhode_Island/22/2019|6|04/01/2019|USA|NA	1433	457	263	339	374	0	0	0	0	0
A/Italy/8943/2019|6|01/25/2019|Italy|NA	1410	451	259	332	368	0	0	0	0	0
A/North_Carolina/11/2017|6|02/09/2017|USA|NA	1433	461	265	333	374	0	0	0	0	0
A/Germany/9675/2019|6|04/03/2019|Germany|NA	1410	454	261	331	364	0	0	0	0	0
A/Wuhan/899/2019|6|01/2019|China|NA	1425	456	261	336	372	0	0	0	0	0
A/Delaware/13/2019|6|02/05/2019|USA|NA	1433	462	263	334	374	0	0	0	0	0
A/California/236/2019|6|11/29/2019|USA|NA	1433	459	261	339	374	0	0	0	0	0
A/Connecticut/31/2017|6|10/07/2017|USA|NA	1433	462	264	335	372	0	0	0	0	0
A/West_Virginia/22/2019|6|03/10/2019|USA|NA	1433	461	261	335	376	0	0	0	0	0
A/Mexico/15017/2017|6|01/26/2017|Mexico|NA	1410	450	261	333	366	0	0	0	0	0
A/California/115/2019|6|03/01/2019|USA|NA	1433	465	260	331	377	0	0	0	0	0
A/Arizona/19/2018|6|03/06/2018|USA|NA	1433	462	261	335	375	0	0	0	0	0
A/Montana/41/2018|6|12/03/2018|USA|NA	1433	454	262	342	375	0	0	0	0	0
A/Wisconsin/352/2017|6|12/19/2017|USA|NA	1433	460	259	334	380	0	0	0	0	0
A/Alaska/17/2019|6|02/13/2019|USA|NA	1434	463	262	333	376	0	0	0	0	0
A/California/228/2019|6|12/05/2019|USA|NA	1433	465	266	332	370	0	0	0	0	0
A/Colorado/19/2018|6|03/11/2018|USA|NA	1433	460	261	336	376	0	0	0	0	0
A/Washington/9595/2019|6|04/01/2019|USA|NA	1410	447	258	338	367	0	0	0	0	0
A/California/21/2019|6|01/08/2019|USA|NA	1433	456	260	341	376	0	0	0	0	0
A/Nebraska/05/2018|6|01/22/2018|USA|NA	1433	460	261	335	377	0	0	0	0	0
A/Ohio/8047/2019|6|01/16/2019|USA|NA	1410	452	257	332	369	0	0	0	0	0
A/Idaho/07/2019|6|01/31/2019|USA|NA	1433	460	260	335	378	0	0	0	0	0
A/Nevada/20/2020|6|03/09/2020|USA|NA	1433	465	261	332	375	0	0	0	0	0
A/Pennsylvania/505/2018|6|11/06/2018|USA|NA	1433	466	260	332	375	0	0	0	0	0
A/Hulunbuir/1903/2019|6|01/20/2019|China|NA	1431	462	262	336	371	0	0	0	0	0
A/Missouri/8775/2019|6|02/28/2019|USA|NA	1410	453	258	332	367	0	0	0	0	0
A/California/82/2018|6|11/16/2018|USA|NA	1433	460	266	334	371	0	2	0	0	0
