Sample,Clade,Mut_HA1,Mut_HA2,Mut_HA1_Vaksine,Mut_HA2_Vaksine,Mut_HA,Mut_HA_Vaksine,Mut_HA_Referanse,Mut_HA_Vaksine_Referanse
252227849,3C.2a1b.2a.2,"D53G,K83E,Y94N,D104G,V106A,H156S,Y159N,K160I,L164Q,G186D,D190N,F193S,P194L,Y195F,I203T,K276R",I193M,"D53G,D104G,H156S,Y159N,K160I,L164Q,N171K,R186D,D190N,P198S,K276R",,"D53G,K83E,Y94N,D104G,V106A,H156S,Y159N,K160I,L164Q,G186D,D190N,F193S,P194L,Y195F,I203T,K276R,I522M",,flu_h3n2_ha_norway-3275-2018,flu_h3n2_ha_Cambodia_e0826360_2020
252227850,3C.2a1b.2a.2,"D53G,K83E,Y94N,D104G,V106A,H156S,Y159N,K160I,L164Q,G186D,D190N,F193S,P194L,Y195F,I203T,K276R",I193M,"D53G,D104G,H156S,Y159N,K160I,L164Q,N171K,R186D,D190N,P198S,K276R",,"D53G,K83E,Y94N,D104G,V106A,H156S,Y159N,K160I,L164Q,G186D,D190N,F193S,P194L,Y195F,I203T,K276R,I522M",,flu_h3n2_ha_norway-3275-2018,flu_h3n2_ha_Cambodia_e0826360_2020
252227853,3C.2a1b.2a.2,"E50K,D53G,K83E,Y94N,D104G,V106A,H156S,Y159N,K160I,L164Q,G186D,D190N,F193S,P194L,Y195F,I203T,K276R",I193M,"E50K,D53G,D104G,H156S,Y159N,K160I,L164Q,N171K,R186D,D190N,P198S,K276R",,"E50K,D53G,K83E,Y94N,D104G,V106A,H156S,Y159N,K160I,L164Q,G186D,D190N,F193S,P194L,Y195F,I203T,K276R,I522M",,flu_h3n2_ha_norway-3275-2018,flu_h3n2_ha_Cambodia_e0826360_2020
252227942,3C.2a1b.2a.2,"D53G,K83E,Y94N,D104G,V106A,I140M,H156S,Y159N,K160I,L164Q,G186D,D190N,F193S,P194L,Y195F,I203T,K276R",I193M,"D53G,D104G,I140M,H156S,Y159N,K160I,L164Q,N171K,R186D,D190N,P198S,K276R",,"D53G,K83E,Y94N,D104G,V106A,I140M,H156S,Y159N,K160I,L164Q,G186D,D190N,F193S,P194L,Y195F,I203T,K276R,I522M",,flu_h3n2_ha_norway-3275-2018,flu_h3n2_ha_Cambodia_e0826360_2020
252227943,3C.2a1b.2a.2,"E50K,D53G,K83E,Y94N,D104G,V106A,H156S,Y159N,K160I,L164Q,G186D,D190N,F193S,P194L,Y195F,I203T,K276R,R299K",I193M,"E50K,D53G,D104G,H156S,Y159N,K160I,L164Q,N171K,R186D,D190N,P198S,K276R,R299K",,"E50K,D53G,K83E,Y94N,D104G,V106A,H156S,Y159N,K160I,L164Q,G186D,D190N,F193S,P194L,Y195F,I203T,K276R,R299K,I522M",,flu_h3n2_ha_norway-3275-2018,flu_h3n2_ha_Cambodia_e0826360_2020
252228066,3C.2a1b.2a.2,"D53G,K83E,Y94N,D104G,V106A,I140M,H156S,Y159N,K160I,L164Q,G186D,D190N,F193S,P194L,Y195F,I203T,K276R",I193M,"D53G,D104G,I140M,H156S,Y159N,K160I,L164Q,N171K,R186D,D190N,P198S,K276R",,"D53G,K83E,Y94N,D104G,V106A,I140M,H156S,Y159N,K160I,L164Q,G186D,D190N,F193S,P194L,Y195F,I203T,K276R,I522M",,flu_h3n2_ha_norway-3275-2018,flu_h3n2_ha_Cambodia_e0826360_2020
252228125,3C.2a1b.2a.2,"E50K,D53G,K83E,Y94N,D104G,V106A,H156S,Y159N,K160I,L164Q,G186D,D190N,F193S,P194L,Y195F,I203T,K276R,R299K",I193M,"E50K,D53G,D104G,H156S,Y159N,K160I,L164Q,N171K,R186D,D190N,P198S,K276R,R299K",,"E50K,D53G,K83E,Y94N,D104G,V106A,H156S,Y159N,K160I,L164Q,G186D,D190N,F193S,P194L,Y195F,I203T,K276R,R299K,I522M",,flu_h3n2_ha_norway-3275-2018,flu_h3n2_ha_Cambodia_e0826360_2020
252228291,3C.2a1b.2a.2,"D53G,K83E,Y94N,D104G,V106A,H156S,Y159N,K160I,L164Q,G186D,D190N,F193S,P194L,Y195F,I203T,K276R",I193M,"D53G,D104G,H156S,Y159N,K160I,L164Q,N171K,R186D,D190N,P198S,K276R",,"D53G,K83E,Y94N,D104G,V106A,H156S,Y159N,K160I,L164Q,G186D,D190N,F193S,P194L,Y195F,I203T,K276R,I522M",,flu_h3n2_ha_norway-3275-2018,flu_h3n2_ha_Cambodia_e0826360_2020
252228358,3C.2a1b.2a.2,"D53G,K83E,Y94N,D104G,V106A,H156S,Y159N,K160I,L164Q,T167S,G186D,D190N,F193S,P194L,Y195F,I203T,K276R",I193M,"D53G,D104G,H156S,Y159N,K160I,L164Q,T167S,N171K,R186D,D190N,P198S,K276R",,"D53G,K83E,Y94N,D104G,V106A,H156S,Y159N,K160I,L164Q,T167S,G186D,D190N,F193S,P194L,Y195F,I203T,K276R,I522M",,flu_h3n2_ha_norway-3275-2018,flu_h3n2_ha_Cambodia_e0826360_2020
252228359,3C.2a1b.2a.2,"D53G,K83E,Y94N,D104G,V106A,H156S,Y159N,K160I,L164Q,G186D,D190N,F193S,P194L,Y195F,I203T,K276R",I193M,"D53G,D104G,H156S,Y159N,K160I,L164Q,N171K,R186D,D190N,P198S,K276R",,"D53G,K83E,Y94N,D104G,V106A,H156S,Y159N,K160I,L164Q,G186D,D190N,F193S,P194L,Y195F,I203T,K276R,I522M",,flu_h3n2_ha_norway-3275-2018,flu_h3n2_ha_Cambodia_e0826360_2020
252228394,3C.2a1b.2a.2,"D53G,K83E,Y94N,D104G,V106A,I140M,H156S,Y159N,K160I,L164Q,G186D,D190N,F193S,P194L,Y195F,I203T,K276R",I193M,"D53G,D104G,I140M,H156S,Y159N,K160I,L164Q,N171K,R186D,D190N,P198S,K276R",,"D53G,K83E,Y94N,D104G,V106A,I140M,H156S,Y159N,K160I,L164Q,G186D,D190N,F193S,P194L,Y195F,I203T,K276R,I522M",,flu_h3n2_ha_norway-3275-2018,flu_h3n2_ha_Cambodia_e0826360_2020
252228542,3C.2a1b.2a.2,"E50K,D53G,K83E,Y94N,D104G,V106A,H156S,Y159N,K160I,L164Q,G186D,D190N,F193S,P194L,Y195F,I203T,K276R,R299K",I193M,"E50K,D53G,D104G,H156S,Y159N,K160I,L164Q,N171K,R186D,D190N,P198S,K276R,R299K",,"E50K,D53G,K83E,Y94N,D104G,V106A,H156S,Y159N,K160I,L164Q,G186D,D190N,F193S,P194L,Y195F,I203T,K276R,R299K,I522M",,flu_h3n2_ha_norway-3275-2018,flu_h3n2_ha_Cambodia_e0826360_2020
252228543,3C.2a1b.2a.2,"D53G,K83E,Y94N,D104G,V106A,I140M,H156S,Y159N,K160I,L164Q,G186D,D190N,F193S,P194L,Y195F,I203T,K276R",I193M,"D53G,D104G,I140M,H156S,Y159N,K160I,L164Q,N171K,R186D,D190N,P198S,K276R",,"D53G,K83E,Y94N,D104G,V106A,I140M,H156S,Y159N,K160I,L164Q,G186D,D190N,F193S,P194L,Y195F,I203T,K276R,I522M",,flu_h3n2_ha_norway-3275-2018,flu_h3n2_ha_Cambodia_e0826360_2020
252228544,3C.2a1b.2a.2,"E50K,D53G,K83E,Y94N,D104G,V106A,H156S,Y159N,K160I,L164Q,G186D,D190N,F193S,P194L,Y195F,I203T,K276R,R299K",I193M,"E50K,D53G,D104G,H156S,Y159N,K160I,L164Q,N171K,R186D,D190N,P198S,K276R,R299K",,"E50K,D53G,K83E,Y94N,D104G,V106A,H156S,Y159N,K160I,L164Q,G186D,D190N,F193S,P194L,Y195F,I203T,K276R,R299K,I522M",,flu_h3n2_ha_norway-3275-2018,flu_h3n2_ha_Cambodia_e0826360_2020
252228545,3C.2a1b.2a.2,"D53G,K83E,Y94N,D104G,V106A,H156S,Y159N,K160I,L164Q,T167S,G186D,D190N,F193S,P194L,Y195F,I203T,K276R",I193M,"D53G,D104G,H156S,Y159N,K160I,L164Q,T167S,N171K,R186D,D190N,P198S,K276R",,"D53G,K83E,Y94N,D104G,V106A,H156S,Y159N,K160I,L164Q,T167S,G186D,D190N,F193S,P194L,Y195F,I203T,K276R,I522M",,flu_h3n2_ha_norway-3275-2018,flu_h3n2_ha_Cambodia_e0826360_2020
252228810,3C.2a1b.2a.2,"D53G,K83E,Y94N,D104G,V106A,I140M,H156S,Y159N,K160I,L164Q,G186D,D190N,F193S,P194L,Y195F,I203T,K276R",I193M,"D53G,D104G,I140M,H156S,Y159N,K160I,L164Q,N171K,R186D,D190N,P198S,K276R",,"D53G,K83E,Y94N,D104G,V106A,I140M,H156S,Y159N,K160I,L164Q,G186D,D190N,F193S,P194L,Y195F,I203T,K276R,I522M",,flu_h3n2_ha_norway-3275-2018,flu_h3n2_ha_Cambodia_e0826360_2020
252229040,3C.2a1b.2a.2,"D53G,K83E,Y94N,D104G,V106A,H156S,Y159N,K160I,L164Q,G186D,D190N,F193S,P194L,Y195F,I203T,K276R","L38F,I193M","D53G,D104G,H156S,Y159N,K160I,L164Q,N171K,R186D,D190N,P198S,K276R",L38F,"D53G,K83E,Y94N,D104G,V106A,H156S,Y159N,K160I,L164Q,G186D,D190N,F193S,P194L,Y195F,I203T,K276R,L367F,I522M",,flu_h3n2_ha_norway-3275-2018,flu_h3n2_ha_Cambodia_e0826360_2020
252229301,3C.2a1b.2a.2,"E50K,D53G,K83E,Y94N,D104G,V106A,H156S,Y159N,K160I,L164Q,G186D,D190N,F193S,P194L,Y195F,I203T,K276R","I193M,A201V","E50K,D53G,D104G,H156S,Y159N,K160I,L164Q,N171K,R186D,D190N,P198S,K276R",A201V,"E50K,D53G,K83E,Y94N,D104G,V106A,H156S,Y159N,K160I,L164Q,G186D,D190N,F193S,P194L,Y195F,I203T,K276R,I522M,A530V",,flu_h3n2_ha_norway-3275-2018,flu_h3n2_ha_Cambodia_e0826360_2020
252229307,3C.2a1b.2a.2,"E50K,D53G,K83E,Y94N,D104G,V106A,H156S,Y159N,K160I,L164Q,G186D,D190N,F193S,P194L,Y195F,I203T,K276R,R299K",I193M,"E50K,D53G,D104G,H156S,Y159N,K160I,L164Q,N171K,R186D,D190N,P198S,K276R,R299K",,"E50K,D53G,K83E,Y94N,D104G,V106A,H156S,Y159N,K160I,L164Q,G186D,D190N,F193S,P194L,Y195F,I203T,K276R,R299K,I522M",,flu_h3n2_ha_norway-3275-2018,flu_h3n2_ha_Cambodia_e0826360_2020
252229333,3C.2a1b.2a.2,"D53G,K83E,Y94N,D104G,V106A,I140M,H156S,Y159N,K160I,L164Q,G186D,D190N,F193S,P194L,Y195F,I203T,S209N,K276R","I193M,L197F","D53G,D104G,I140M,H156S,Y159N,K160I,L164Q,N171K,R186D,D190N,P198S,S209N,K276R",L197F,"D53G,K83E,Y94N,D104G,V106A,I140M,H156S,Y159N,K160I,L164Q,G186D,D190N,F193S,P194L,Y195F,I203T,S209N,K276R,I522M,L526F",,flu_h3n2_ha_norway-3275-2018,flu_h3n2_ha_Cambodia_e0826360_2020
252229335,3C.2a1b.2a.2,"E50K,D53G,K83E,Y94N,D104G,V106A,H156S,Y159N,K160I,L164Q,G186D,D190N,F193S,P194L,Y195F,I203T,K276R,R299K",I193M,"E50K,D53G,D104G,H156S,Y159N,K160I,L164Q,N171K,R186D,D190N,P198S,K276R,R299K",,"E50K,D53G,K83E,Y94N,D104G,V106A,H156S,Y159N,K160I,L164Q,G186D,D190N,F193S,P194L,Y195F,I203T,K276R,R299K,I522M",,flu_h3n2_ha_norway-3275-2018,flu_h3n2_ha_Cambodia_e0826360_2020
252229337,3C.2a1b.2a.2,"D53G,K83E,Y94N,D104G,V106A,I140M,H156S,Y159N,K160I,L164Q,G186D,D190N,F193S,P194L,Y195F,I203T,K276R",I193M,"D53G,D104G,I140M,H156S,Y159N,K160I,L164Q,N171K,R186D,D190N,P198S,K276R",,"D53G,K83E,Y94N,D104G,V106A,I140M,H156S,Y159N,K160I,L164Q,G186D,D190N,F193S,P194L,Y195F,I203T,K276R,I522M",,flu_h3n2_ha_norway-3275-2018,flu_h3n2_ha_Cambodia_e0826360_2020
252229338,3C.2a1b.2a.2,"E50K,D53G,K83E,Y94N,D104G,V106A,H156S,Y159N,K160I,L164Q,G186D,D190N,F193S,P194L,Y195F,I203T,K276R","I193M,A201V","E50K,D53G,D104G,H156S,Y159N,K160I,L164Q,N171K,R186D,D190N,P198S,K276R",A201V,"E50K,D53G,K83E,Y94N,D104G,V106A,H156S,Y159N,K160I,L164Q,G186D,D190N,F193S,P194L,Y195F,I203T,K276R,I522M,A530V",,flu_h3n2_ha_norway-3275-2018,flu_h3n2_ha_Cambodia_e0826360_2020
252229340,3C.2a1b.2a.2,"E50K,D53N,K83E,Y94N,N96S,V106A,I140K,H156S,Y159N,K160I,L164Q,G186D,D190N,I192F,F193S,P194L,Y195F,I203T,I223V","N49S,I193M","E50K,D53N,N96S,I140K,H156S,Y159N,K160I,L164Q,N171K,R186D,D190N,I192F,P198S,I223V",N49S,"E50K,D53N,K83E,Y94N,N96S,V106A,I140K,H156S,Y159N,K160I,L164Q,G186D,D190N,I192F,F193S,P194L,Y195F,I203T,I223V,N378S,I522M",,flu_h3n2_ha_norway-3275-2018,flu_h3n2_ha_Cambodia_e0826360_2020
252229341,3C.2a1b.2a.2,"D53G,K83E,Y94N,D104G,V106A,H156S,Y159N,K160I,L164Q,G186D,D190N,F193S,P194L,Y195F,I203T,K276R",I193M,"D53G,D104G,H156S,Y159N,K160I,L164Q,N171K,R186D,D190N,P198S,K276R",,"D53G,K83E,Y94N,D104G,V106A,H156S,Y159N,K160I,L164Q,G186D,D190N,F193S,P194L,Y195F,I203T,K276R,I522M",,flu_h3n2_ha_norway-3275-2018,flu_h3n2_ha_Cambodia_e0826360_2020
252229427,3C.2a1b.2a.2,"E50K,D53G,K83E,Y94N,D104G,V106A,H156S,Y159N,K160I,L164Q,G186D,D190N,F193S,P194L,Y195F,I203T,K276R","I193M,A201V","E50K,D53G,D104G,H156S,Y159N,K160I,L164Q,N171K,R186D,D190N,P198S,K276R",A201V,"E50K,D53G,K83E,Y94N,D104G,V106A,H156S,Y159N,K160I,L164Q,G186D,D190N,F193S,P194L,Y195F,I203T,K276R,I522M,A530V",,flu_h3n2_ha_norway-3275-2018,flu_h3n2_ha_Cambodia_e0826360_2020
252229428,3C.2a1b.2a.2,"E50K,D53G,K83E,Y94N,D104G,V106A,H156S,Y159N,K160I,L164Q,G186D,D190N,F193S,P194L,Y195F,I203T,K276R","I193M,A201V","E50K,D53G,D104G,H156S,Y159N,K160I,L164Q,N171K,R186D,D190N,P198S,K276R",A201V,"E50K,D53G,K83E,Y94N,D104G,V106A,H156S,Y159N,K160I,L164Q,G186D,D190N,F193S,P194L,Y195F,I203T,K276R,I522M,A530V",,flu_h3n2_ha_norway-3275-2018,flu_h3n2_ha_Cambodia_e0826360_2020
252229492,3C.2a1b.2a.2,"E50K,D53G,K83E,Y94N,D104G,V106A,H156S,Y159N,K160I,L164Q,G186D,D190N,F193S,P194L,Y195F,I203T,K276R","I193M,A201V","E50K,D53G,D104G,H156S,Y159N,K160I,L164Q,N171K,R186D,D190N,P198S,K276R",A201V,"E50K,D53G,K83E,Y94N,D104G,V106A,H156S,Y159N,K160I,L164Q,G186D,D190N,F193S,P194L,Y195F,I203T,K276R,I522M,A530V",,flu_h3n2_ha_norway-3275-2018,flu_h3n2_ha_Cambodia_e0826360_2020
252229540,3C.2a1b.2a.2,"E50K,D53G,K83E,Y94N,D104G,V106A,H156S,Y159N,K160I,L164Q,G186D,D190N,F193S,P194L,Y195F,I203T,K276R,R299K",I193M,"E50K,D53G,D104G,H156S,Y159N,K160I,L164Q,N171K,R186D,D190N,P198S,K276R,R299K",,"E50K,D53G,K83E,Y94N,D104G,V106A,H156S,Y159N,K160I,L164Q,G186D,D190N,F193S,P194L,Y195F,I203T,K276R,R299K,I522M",,flu_h3n2_ha_norway-3275-2018,flu_h3n2_ha_Cambodia_e0826360_2020
252229629,3C.2a1b.2a.2,"D53G,K83E,Y94N,D104G,V106A,I140M,H156S,Y159N,K160I,L164Q,G186D,D190N,F193S,P194L,Y195F,I203T,K276R,S279Y",I193M,"D53G,D104G,I140M,H156S,Y159N,K160I,L164Q,N171K,R186D,D190N,P198S,K276R,S279Y",,"D53G,K83E,Y94N,D104G,V106A,I140M,H156S,Y159N,K160I,L164Q,G186D,D190N,F193S,P194L,Y195F,I203T,K276R,S279Y,I522M",,flu_h3n2_ha_norway-3275-2018,flu_h3n2_ha_Cambodia_e0826360_2020
252229630,3C.2a1b.2a.2,"E50K,D53G,K83E,Y94N,D104G,V106A,H156S,Y159N,K160I,L164Q,G186D,D190N,F193S,P194L,Y195F,I203T,K276R,R299K",I193M,"E50K,D53G,D104G,H156S,Y159N,K160I,L164Q,N171K,R186D,D190N,P198S,K276R,R299K",,"E50K,D53G,K83E,Y94N,D104G,V106A,H156S,Y159N,K160I,L164Q,G186D,D190N,F193S,P194L,Y195F,I203T,K276R,R299K,I522M",,flu_h3n2_ha_norway-3275-2018,flu_h3n2_ha_Cambodia_e0826360_2020
252229759,3C.2a1b.2a.2,"E50K,D53G,K83E,Y94N,D104G,V106A,H156S,Y159N,K160I,L164Q,G186D,D190N,F193S,P194L,Y195F,I203T,K276R","I193M,A201V","E50K,D53G,D104G,H156S,Y159N,K160I,L164Q,N171K,R186D,D190N,P198S,K276R",A201V,"E50K,D53G,K83E,Y94N,D104G,V106A,H156S,Y159N,K160I,L164Q,G186D,D190N,F193S,P194L,Y195F,I203T,K276R,I522M,A530V",,flu_h3n2_ha_norway-3275-2018,flu_h3n2_ha_Cambodia_e0826360_2020
252229831,3C.2a1b.2a.2,"D53G,K83E,Y94N,D104G,V106A,H156S,Y159N,K160I,L164Q,G186D,D190N,F193S,P194L,Y195F,I203T,K276R",I193M,"D53G,D104G,H156S,Y159N,K160I,L164Q,N171K,R186D,D190N,P198S,K276R",,"D53G,K83E,Y94N,D104G,V106A,H156S,Y159N,K160I,L164Q,G186D,D190N,F193S,P194L,Y195F,I203T,K276R,I522M",,flu_h3n2_ha_norway-3275-2018,flu_h3n2_ha_Cambodia_e0826360_2020
252229844,3C.2a1b.2a.2,"E50K,D53G,K83E,Y94N,D104G,V106A,H156S,Y159N,K160I,L164Q,G186D,D190N,F193S,P194L,Y195F,I203T,K276R","I193M,A201V","E50K,D53G,D104G,H156S,Y159N,K160I,L164Q,N171K,R186D,D190N,P198S,K276R",A201V,"E50K,D53G,K83E,Y94N,D104G,V106A,H156S,Y159N,K160I,L164Q,G186D,D190N,F193S,P194L,Y195F,I203T,K276R,I522M,A530V",,flu_h3n2_ha_norway-3275-2018,flu_h3n2_ha_Cambodia_e0826360_2020
252229845,3C.2a1b.2a.2,"E50K,D53G,K83E,Y94N,D104G,V106A,H156S,Y159N,K160I,L164Q,G186D,D190N,F193S,P194L,Y195F,I203T,K276R","I193M,A201V","E50K,D53G,D104G,H156S,Y159N,K160I,L164Q,N171K,R186D,D190N,P198S,K276R",A201V,"E50K,D53G,K83E,Y94N,D104G,V106A,H156S,Y159N,K160I,L164Q,G186D,D190N,F193S,P194L,Y195F,I203T,K276R,I522M,A530V",,flu_h3n2_ha_norway-3275-2018,flu_h3n2_ha_Cambodia_e0826360_2020
25pos33,unassigned,"I3L,R33Q,N45S,I48T,E50G,G62E,R92K,V106A,K121N,K131T,A138S,I140K,G142R,S144N,S145N,N158K,Y159F,K171N,Q173K,G186V,K189N,F193S,P194L,S198A,I203T,A212T,S219Y,I223V,K278N,S312N","R32I,D46N,V77I,K121R,E155G,N160D,I200V,A201V","I3L,R33Q,N45S,I48T,E50G,G62E,E83K,R92K,N94Y,K121N,K131T,A138S,I140K,G142R,S144N,S145N,N158K,Y159F,Q173K,R186V,K189N,F195Y,P198A,A212T,S219Y,I223V,K278N,S312N","R32I,D46N,V77I,K121R,E155G,N160D,M193I,I200V,A201V","I3L,R33Q,N45S,I48T,E50G,G62E,R92K,V106A,K121N,K131T,A138S,I140K,G142R,S144N,S145N,N158K,Y159F,K171N,Q173K,G186V,K189N,F193S,P194L,S198A,I203T,A212T,S219Y,I223V,K278N,S312N,R361I,D375N,V406I,K450R,E484G,N489D,I529V,A530V",,flu_h3n2_ha_norway-3275-2018,flu_h3n2_ha_Cambodia_e0826360_2020
252229426,6B.1A.5a.2,"K54Q,N129D,K130N,P137S,K142R,N156K,L161I,T185I,A186T,Q189E,E224A,D235E,V250A,R259K,D260E,T277A,K308R","E29D,I91V,N124H,E179D,A193V","K54Q,N129D,K130N,P137S,K142R,N156K,L161I,T185I,A186T,Q189E,E224A,D235E,V250A,R259K,D260E,T277A,K308R","E29D,I91V,N124H,E179D,A193V","K54Q,N129D,K130N,P137S,K142R,N156K,L161I,T185I,A186T,Q189E,E224A,D235E,V250A,R259K,D260E,T277A,K308R,E356D,I418V,N451H,E506D,A520V",,switzerland33302017_C2_ha,switzerland33302017_C2_ha_vaksine
